timestamp,water_level,rainfall,rise_rate,risk_level
2026-08-24 16:52:14,61.9,7.0,-0.51,SAFE
2026-08-24 17:07:14,62.1,7.6,0.82,SAFE
2026-08-24 17:22:14,61.9,4.1,-0.59,SAFE
2026-08-24 17:37:14,62.0,11.3,0.21,SAFE
2026-08-24 17:52:14,62.0,3.1,0.03,SAFE
2026-08-24 18:07:14,61.8,3.1,-0.77,SAFE
2026-08-24 18:22:14,61.3,6.0,-1.93,SAFE
2026-08-24 18:37:14,61.1,0.0,-0.85,SAFE
2026-08-24 18:52:14,61.1,0.9,-0.15,SAFE
2026-08-24 19:07:14,60.7,1.4,-1.53,SAFE
2026-08-24 19:22:14,60.5,10.9,-0.58,SAFE
2026-08-24 19:37:14,60.2,5.3,-1.54,SAFE
2026-08-24 19:52:14,60.1,2.8,-0.31,SAFE
2026-08-24 20:07:14,60.1,0.4,-0.1,SAFE
2026-08-24 20:22:14,59.9,2.6,-0.63,SAFE
2026-08-24 20:37:14,60.2,2.6,1.08,SAFE
2026-08-24 20:52:14,59.9,4.9,-1.25,SAFE
2026-08-24 21:07:14,59.5,8.3,-1.38,SAFE
2026-08-24 21:22:14,59.0,5.8,-1.97,SAFE
2026-08-24 21:37:14,59.0,0.0,-0.24,SAFE
2026-08-24 21:52:14,58.9,8.0,-0.26,SAFE
2026-08-24 22:07:14,58.7,4.5,-0.64,SAFE
2026-08-24 22:22:14,58.5,0.0,-0.98,SAFE
2026-08-24 22:37:14,58.6,3.2,0.45,SAFE
2026-08-24 22:52:14,58.1,6.4,-1.81,SAFE
2026-08-24 23:07:14,58.0,6.3,-0.71,SAFE
2026-08-24 23:22:14,58.0,2.3,0.09,SAFE
2026-08-24 23:37:14,58.1,9.1,0.35,SAFE
2026-08-24 23:52:14,57.9,1.6,-0.65,SAFE
2026-08-25 00:07:14,58.0,6.3,0.38,SAFE
2026-08-25 00:22:14,57.9,3.1,-0.55,SAFE
2026-08-25 00:37:14,57.5,0.6,-1.36,SAFE
2026-08-25 00:52:14,57.7,8.3,0.68,SAFE
2026-08-25 01:07:14,57.8,4.7,0.4,SAFE
2026-08-25 01:22:14,57.6,6.4,-0.92,SAFE
2026-08-25 01:37:14,57.8,6.4,0.83,SAFE
2026-08-25 01:52:14,58.0,4.9,0.85,SAFE
2026-08-25 02:07:14,58.1,0.0,0.26,SAFE
2026-08-25 02:22:14,57.9,5.3,-0.64,SAFE
2026-08-25 02:37:14,57.4,5.4,-1.99,SAFE
2026-08-25 02:52:14,57.4,4.1,-0.11,SAFE
2026-08-25 03:07:14,57.2,10.9,-0.81,SAFE
2026-08-25 03:22:14,57.0,1.8,-0.8,SAFE
2026-08-25 03:37:14,56.9,8.7,-0.14,SAFE
2026-08-25 03:52:14,56.9,2.9,0.01,SAFE
2026-08-25 04:07:14,57.0,5.4,0.37,SAFE
2026-08-25 04:22:14,56.9,2.2,-0.66,SAFE
2026-08-25 04:37:14,56.5,3.4,-1.57,SAFE
2026-08-25 04:52:14,56.4,6.2,-0.19,SAFE
2026-08-25 05:07:14,56.3,5.0,-0.59,SAFE
2026-08-25 05:22:14,56.1,0.0,-0.74,SAFE
2026-08-25 05:37:14,55.8,3.6,-1.04,SAFE
2026-08-25 05:52:14,55.8,4.4,-0.08,SAFE
2026-08-25 06:07:14,55.8,12.5,-0.26,SAFE
2026-08-25 06:22:14,55.6,6.0,-0.46,SAFE
2026-08-25 06:37:14,55.5,0.0,-0.42,SAFE
2026-08-25 06:52:14,55.9,5.2,1.57,SAFE
2026-08-25 07:07:14,55.9,4.2,-0.16,SAFE
2026-08-25 07:22:14,55.5,4.9,-1.33,SAFE
2026-08-25 07:37:14,55.6,9.6,0.2,SAFE
2026-08-25 07:52:14,55.3,8.2,-1.13,SAFE
2026-08-25 08:07:14,54.9,10.6,-1.52,SAFE
2026-08-25 08:22:14,55.3,7.3,1.35,SAFE
2026-08-25 08:37:14,55.1,1.0,-0.85,SAFE
2026-08-25 08:52:14,54.9,5.4,-0.8,SAFE
2026-08-25 09:07:14,54.8,0.0,-0.35,SAFE
2026-08-25 09:22:14,54.8,0.8,-0.02,SAFE
2026-08-25 09:37:14,55.0,1.3,0.84,SAFE
2026-08-25 09:52:14,54.8,1.9,-0.66,SAFE
2026-08-25 10:07:14,54.5,8.3,-1.38,SAFE
2026-08-25 10:22:14,54.6,5.9,0.65,SAFE
2026-08-25 10:37:14,54.6,0.0,-0.25,SAFE
2026-08-25 10:52:14,54.6,6.0,0.23,SAFE
2026-08-25 11:07:14,54.3,0.1,-1.46,SAFE
2026-08-25 11:22:14,54.2,7.1,-0.16,SAFE
2026-08-25 11:37:14,54.2,6.0,-0.12,SAFE
2026-08-25 11:52:14,54.1,2.3,-0.21,SAFE
2026-08-25 12:07:14,53.9,6.2,-0.97,SAFE
2026-08-25 12:22:14,53.9,12.5,-0.02,SAFE
2026-08-25 12:37:14,53.9,0.2,0.13,SAFE
2026-08-25 12:52:14,54.0,1.1,0.23,SAFE
2026-08-25 13:07:14,53.7,9.6,-1.06,SAFE
2026-08-25 13:22:14,53.7,8.9,-0.07,SAFE
2026-08-25 13:37:14,54.0,8.3,1.12,SAFE
2026-08-25 13:52:14,53.7,4.0,-1.0,SAFE
2026-08-25 14:07:14,53.5,1.4,-1.05,SAFE
2026-08-25 14:22:14,53.4,4.7,-0.13,SAFE
2026-08-25 14:37:14,53.5,6.1,0.26,SAFE
2026-08-25 14:52:14,53.7,5.1,0.76,SAFE
2026-08-25 15:07:14,54.1,3.9,1.78,SAFE
2026-08-25 15:22:14,53.9,7.5,-1.09,SAFE
2026-08-25 15:37:14,53.9,0.7,-0.01,SAFE
2026-08-25 15:52:14,53.9,4.1,0.17,SAFE
2026-08-25 16:07:14,53.8,6.9,-0.46,SAFE
2026-08-25 16:22:14,53.4,1.6,-1.61,SAFE
2026-08-25 16:37:14,53.5,3.2,0.29,SAFE
2026-08-25 16:52:14,53.1,5.9,-1.4,SAFE
2026-08-25 17:07:14,53.1,5.7,-0.09,SAFE
2026-08-25 17:22:14,53.0,1.5,-0.28,SAFE
2026-08-25 17:37:14,52.7,5.2,-1.31,SAFE
2026-08-25 17:52:14,52.7,6.4,0.05,SAFE
2026-08-25 18:07:14,52.8,9.3,0.44,SAFE
2026-08-25 18:22:14,52.5,0.0,-1.15,SAFE
2026-08-25 18:37:14,52.5,7.1,0.01,SAFE
2026-08-25 18:52:14,53.2,7.1,2.68,SAFE
2026-08-25 19:07:14,53.3,7.3,0.51,SAFE
2026-08-25 19:22:14,53.3,8.8,0.12,SAFE
2026-08-25 19:37:14,53.4,3.7,0.21,SAFE
2026-08-25 19:52:14,53.3,1.9,-0.59,SAFE
2026-08-25 20:07:14,53.2,3.1,-0.33,SAFE
2026-08-25 20:22:14,52.7,14.3,-1.89,SAFE
2026-08-25 20:37:14,52.3,7.7,-1.69,SAFE
2026-08-25 20:52:14,52.4,3.1,0.47,SAFE
2026-08-25 21:07:14,52.1,5.3,-1.26,SAFE
2026-08-25 21:22:14,52.1,2.1,0.14,SAFE
2026-08-25 21:37:14,52.1,2.1,-0.23,SAFE
2026-08-25 21:52:14,51.8,5.2,-0.92,SAFE
2026-08-25 22:07:14,51.8,13.6,0.11,SAFE
2026-08-25 22:22:14,51.8,0.0,-0.25,SAFE
2026-08-25 22:37:14,51.9,2.4,0.28,SAFE
2026-08-25 22:52:14,51.7,1.8,-0.49,SAFE
2026-08-25 23:07:14,51.8,7.0,0.29,SAFE
2026-08-25 23:22:14,51.6,0.2,-0.67,SAFE
2026-08-25 23:37:14,51.4,3.1,-0.92,SAFE
2026-08-25 23:52:14,51.4,12.1,-0.08,SAFE
2026-08-26 00:07:14,51.5,0.0,0.33,SAFE
2026-08-26 00:22:14,51.6,13.5,0.43,SAFE
2026-08-26 00:37:14,51.4,0.0,-0.79,SAFE
2026-08-26 00:52:14,51.1,10.1,-0.97,SAFE
2026-08-26 01:07:14,51.2,6.8,0.22,SAFE
2026-08-26 01:22:14,51.1,1.3,-0.45,SAFE
2026-08-26 01:37:14,50.8,0.0,-1.22,SAFE
2026-08-26 01:52:14,50.4,4.0,-1.4,SAFE
2026-08-26 02:07:14,50.0,11.5,-1.54,SAFE
2026-08-26 02:22:14,50.0,3.2,-0.3,SAFE
2026-08-26 02:37:14,49.6,10.8,-1.55,SAFE
2026-08-26 02:52:14,49.5,9.7,-0.39,SAFE
2026-08-26 03:07:14,49.5,1.1,-0.03,SAFE
2026-08-26 03:22:14,49.3,5.8,-0.88,SAFE
2026-08-26 03:37:14,49.1,5.3,-0.71,SAFE
2026-08-26 03:52:14,49.1,5.5,0.13,SAFE
2026-08-26 04:07:14,48.8,11.3,-1.39,SAFE
2026-08-26 04:22:14,48.3,13.5,-1.96,SAFE
2026-08-26 04:37:14,48.3,4.4,0.07,SAFE
2026-08-26 04:52:14,48.1,6.1,-0.9,SAFE
2026-08-26 05:07:14,47.9,4.2,-0.79,SAFE
2026-08-26 05:22:14,47.9,2.6,0.28,SAFE
2026-08-26 05:37:14,47.7,6.4,-0.95,SAFE
2026-08-26 05:52:14,47.7,8.6,-0.15,SAFE
2026-08-26 06:07:14,47.7,8.3,0.1,SAFE
2026-08-26 06:22:14,48.1,35.1,1.73,SAFE
2026-08-26 06:37:14,48.9,54.0,3.13,SAFE
2026-08-26 06:52:14,49.5,44.7,2.54,SAFE
2026-08-26 07:07:14,50.0,60.3,1.69,SAFE
2026-08-26 07:22:14,50.5,51.6,2.16,SAFE
2026-08-26 07:37:14,51.4,42.4,3.72,SAFE
2026-08-26 07:52:14,52.3,54.9,3.38,SAFE
2026-08-26 08:07:14,52.9,60.7,2.43,SAFE
2026-08-26 08:22:14,53.4,53.2,2.03,SAFE
2026-08-26 08:37:14,53.9,48.9,2.24,SAFE
2026-08-26 08:52:14,54.7,46.2,3.11,SAFE
2026-08-26 09:07:14,56.0,35.2,4.91,SAFE
2026-08-26 09:22:14,56.2,32.9,0.94,SAFE
2026-08-26 09:37:14,57.0,58.9,3.35,SAFE
2026-08-26 09:52:14,57.8,52.5,3.15,SAFE
2026-08-26 10:07:14,58.1,44.9,1.32,SAFE
2026-08-26 10:22:14,58.5,45.9,1.59,SAFE
2026-08-26 10:37:14,59.1,56.7,2.22,SAFE
2026-08-26 10:52:14,59.6,35.1,2.01,SAFE
2026-08-26 11:07:14,60.0,50.0,1.72,SAFE
2026-08-26 11:22:14,60.7,35.1,2.69,SAFE
2026-08-26 11:37:14,61.2,47.9,1.79,SAFE
2026-08-26 11:52:14,61.8,39.3,2.68,SAFE
2026-08-26 12:07:14,62.0,27.6,0.71,SAFE
2026-08-26 12:22:14,62.5,36.4,2.14,SAFE
2026-08-26 12:37:14,63.6,48.7,4.17,SAFE
2026-08-26 12:52:14,64.1,55.3,2.21,SAFE
2026-08-26 13:07:14,64.4,44.8,1.2,SAFE
2026-08-26 13:22:14,64.9,44.8,2.05,SAFE
2026-08-26 13:37:14,65.3,48.9,1.41,WARNING
2026-08-26 13:52:14,66.4,51.2,4.24,WARNING
2026-08-26 14:07:14,67.1,43.7,2.88,WARNING
2026-08-26 14:22:14,67.6,53.3,1.92,WARNING
2026-08-26 14:37:14,68.2,47.7,2.42,WARNING
2026-08-26 14:52:14,68.5,46.2,1.47,WARNING
2026-08-26 15:07:14,69.3,45.3,3.0,WARNING
2026-08-26 15:22:14,70.2,62.4,3.55,WARNING
2026-08-26 15:37:14,70.5,70.8,1.48,WARNING
2026-08-26 15:52:14,71.2,55.5,2.62,WARNING
2026-08-26 16:07:14,71.5,71.3,1.43,WARNING
2026-08-26 16:22:14,72.0,34.9,1.68,WARNING
2026-08-26 16:37:14,72.4,19.5,1.77,WARNING
2026-08-26 16:52:14,73.1,35.9,2.58,WARNING
2026-08-26 17:07:14,74.2,49.1,4.65,WARNING
2026-08-26 17:22:14,74.6,56.4,1.71,WARNING
2026-08-26 17:37:14,75.4,34.2,2.99,WARNING
2026-08-26 17:52:14,76.5,29.2,4.6,WARNING
2026-08-26 18:07:14,77.0,59.2,1.84,WARNING
2026-08-26 18:22:14,78.0,24.4,4.02,HIGH RISK
2026-08-26 18:37:14,79.0,43.6,3.89,HIGH RISK
2026-08-26 18:52:14,79.4,25.9,1.68,WARNING
2026-08-26 19:07:14,80.0,45.1,2.46,WARNING
2026-08-26 19:22:14,80.8,39.6,3.15,HIGH RISK
2026-08-26 19:37:14,81.4,32.2,2.23,WARNING
2026-08-26 19:52:14,82.1,46.4,3.02,HIGH RISK
2026-08-26 20:07:14,82.4,53.5,1.05,WARNING
2026-08-26 20:22:14,83.4,26.6,3.93,HIGH RISK
2026-08-26 20:37:14,83.7,49.0,1.5,WARNING
2026-08-26 20:52:14,84.4,63.6,2.54,HIGH RISK
2026-08-26 21:07:14,85.0,59.2,2.48,WARNING
2026-08-26 21:22:14,86.1,69.7,4.51,HIGH RISK
2026-08-26 21:37:14,87.0,42.0,3.57,HIGH RISK
2026-08-26 21:52:14,88.0,52.7,4.04,CRITICAL
2026-08-26 22:07:14,88.8,33.4,3.22,HIGH RISK
2026-08-26 22:22:14,88.9,57.7,0.29,HIGH RISK
2026-08-26 22:37:14,88.9,30.8,-0.05,HIGH RISK
2026-08-26 22:52:14,89.7,41.8,3.26,HIGH RISK
2026-08-26 23:07:14,90.3,63.0,2.49,HIGH RISK
2026-08-26 23:22:14,90.5,64.5,0.74,HIGH RISK
2026-08-26 23:37:14,91.1,24.6,2.33,HIGH RISK
2026-08-26 23:52:14,92.9,97.7,7.13,CRITICAL
2026-08-27 00:07:14,94.6,50.0,7.02,CRITICAL
2026-08-27 00:22:14,96.8,63.9,8.54,CRITICAL
2026-08-27 00:37:14,98.1,97.3,5.32,CRITICAL
2026-08-27 00:52:14,99.4,79.7,5.08,CRITICAL
2026-08-27 01:07:14,99.5,88.7,9.11,CRITICAL
2026-08-27 01:22:14,99.5,70.3,8.21,CRITICAL
2026-08-27 01:37:14,99.5,79.4,5.61,CRITICAL
2026-08-27 01:52:14,99.5,87.9,5.13,CRITICAL
2026-08-27 02:07:14,99.5,78.9,4.8,CRITICAL
2026-08-27 02:22:14,99.5,129.3,7.27,CRITICAL
2026-08-27 02:37:14,99.5,76.0,7.63,CRITICAL
2026-08-27 02:52:14,99.5,87.8,6.76,CRITICAL
2026-08-27 03:07:14,99.5,102.3,8.72,CRITICAL
2026-08-27 03:22:14,99.5,79.4,6.05,CRITICAL
2026-08-27 03:37:14,99.5,84.5,2.6,CRITICAL
2026-08-27 03:52:14,99.5,59.7,9.93,CRITICAL
2026-08-27 04:07:14,99.5,122.9,6.7,CRITICAL
2026-08-27 04:22:14,99.5,101.5,7.82,CRITICAL
2026-08-27 04:37:14,99.5,151.6,9.44,CRITICAL
2026-08-27 04:52:14,99.5,87.4,5.29,CRITICAL
2026-08-27 05:07:14,99.5,57.9,7.61,CRITICAL
2026-08-27 05:22:14,99.5,74.9,4.36,CRITICAL
2026-08-27 05:37:14,99.5,77.1,5.04,CRITICAL
2026-08-27 05:52:14,99.5,123.7,8.96,CRITICAL
2026-08-27 06:07:14,99.5,89.8,10.16,CRITICAL
2026-08-27 06:22:14,99.5,91.5,5.48,CRITICAL
2026-08-27 06:37:14,99.5,120.5,8.28,CRITICAL
2026-08-27 06:52:14,99.5,69.3,6.82,CRITICAL
2026-08-27 07:07:14,99.5,72.5,4.43,CRITICAL
2026-08-27 07:22:14,99.5,108.5,11.02,CRITICAL
2026-08-27 07:37:14,99.5,62.0,8.33,CRITICAL
2026-08-27 07:52:14,99.5,77.0,6.23,CRITICAL
2026-08-27 08:07:14,99.5,78.2,5.47,CRITICAL
2026-08-27 08:22:14,99.5,91.0,5.54,CRITICAL
2026-08-27 08:37:14,99.5,95.4,7.1,CRITICAL
2026-08-27 08:52:14,99.5,85.2,5.38,CRITICAL
2026-08-27 09:07:14,99.5,78.5,8.71,CRITICAL
2026-08-27 09:22:14,99.5,100.0,5.24,CRITICAL
2026-08-27 09:37:14,99.5,92.0,8.7,CRITICAL
2026-08-27 09:52:14,99.5,56.6,8.29,CRITICAL
2026-08-27 10:07:14,99.5,76.7,8.34,CRITICAL
2026-08-27 10:22:14,99.5,74.7,3.59,CRITICAL
2026-08-27 10:37:14,99.5,57.4,7.3,CRITICAL
2026-08-27 10:52:14,99.5,95.2,5.39,CRITICAL
2026-08-27 11:07:14,99.5,102.8,3.88,CRITICAL
2026-08-27 11:22:14,99.5,88.7,4.78,CRITICAL
2026-08-27 11:37:14,99.5,77.0,7.29,CRITICAL
2026-08-27 11:52:14,99.5,72.8,6.43,CRITICAL
2026-08-27 12:07:14,99.5,110.1,6.05,CRITICAL
2026-08-27 12:22:14,99.5,150.9,9.18,CRITICAL
2026-08-27 12:37:14,99.5,143.2,17.41,CRITICAL
2026-08-27 12:52:14,99.5,80.0,10.25,CRITICAL
2026-08-27 13:07:14,99.5,144.4,12.15,CRITICAL
2026-08-27 13:22:14,99.5,139.3,10.87,CRITICAL
2026-08-27 13:37:14,99.5,132.2,12.3,CRITICAL
2026-08-27 13:52:14,99.5,159.2,13.61,CRITICAL
2026-08-27 14:07:14,99.5,138.4,11.48,CRITICAL
2026-08-27 14:22:14,99.5,117.8,11.42,CRITICAL
2026-08-27 14:37:14,99.5,139.9,11.45,CRITICAL
2026-08-27 14:52:14,99.5,137.2,19.44,CRITICAL
2026-08-27 15:07:14,99.5,151.8,11.76,CRITICAL
2026-08-27 15:22:14,99.5,160.0,11.49,CRITICAL
2026-08-27 15:37:14,99.5,80.0,9.57,CRITICAL
2026-08-27 15:52:14,99.5,83.2,11.68,CRITICAL
2026-08-27 16:07:14,99.5,130.5,18.16,CRITICAL
2026-08-27 16:22:14,99.5,138.2,12.1,CRITICAL
2026-08-27 16:37:14,99.5,150.7,5.72,CRITICAL
2026-08-27 16:52:14,99.5,135.9,15.27,CRITICAL
2026-08-27 17:07:14,99.5,93.0,16.46,CRITICAL
2026-08-27 17:22:14,99.5,138.5,11.47,CRITICAL
2026-08-27 17:37:14,99.5,145.8,20.07,CRITICAL
2026-08-27 17:52:14,99.5,134.5,13.59,CRITICAL
2026-08-27 18:07:14,99.5,118.5,10.08,CRITICAL
2026-08-27 18:22:14,99.5,150.8,10.06,CRITICAL
2026-08-27 18:37:14,99.5,131.8,11.27,CRITICAL
2026-08-27 18:52:14,99.5,142.0,13.87,CRITICAL
2026-08-27 19:07:14,99.5,155.9,11.17,CRITICAL
2026-08-27 19:22:14,99.5,123.3,9.67,CRITICAL
2026-08-27 19:37:14,99.5,118.9,14.01,CRITICAL
2026-08-27 19:52:14,99.2,8.0,-1.14,CRITICAL
2026-08-27 20:07:14,99.4,8.5,0.68,CRITICAL
2026-08-27 20:22:14,99.5,6.7,1.1,CRITICAL
2026-08-27 20:37:14,99.2,1.9,-1.4,CRITICAL
2026-08-27 20:52:14,99.4,0.0,0.8,CRITICAL
2026-08-27 21:07:14,99.2,7.6,-0.44,CRITICAL
2026-08-27 21:22:14,98.9,6.1,-1.3,CRITICAL
2026-08-27 21:37:14,98.8,14.8,-0.3,CRITICAL
2026-08-27 21:52:14,98.9,5.4,0.18,CRITICAL
2026-08-27 22:07:14,98.8,6.9,-0.22,CRITICAL
2026-08-27 22:22:14,98.8,1.8,-0.02,CRITICAL
2026-08-27 22:37:14,99.0,12.5,0.68,CRITICAL
2026-08-27 22:52:14,98.8,11.4,-0.81,CRITICAL
2026-08-27 23:07:14,98.7,1.0,-0.5,CRITICAL
2026-08-27 23:22:14,98.8,5.2,0.48,CRITICAL
2026-08-27 23:37:14,99.0,0.0,0.82,CRITICAL
2026-08-27 23:52:14,98.8,4.4,-0.74,CRITICAL
2026-08-28 00:07:14,98.4,1.0,-1.72,CRITICAL
2026-08-28 00:22:14,98.3,8.3,-0.34,CRITICAL
2026-08-28 00:37:14,97.9,0.0,-1.44,CRITICAL
2026-08-28 00:52:14,98.2,3.7,0.94,CRITICAL
2026-08-28 01:07:14,97.8,4.0,-1.6,CRITICAL
2026-08-28 01:22:14,97.6,4.0,-0.62,CRITICAL
2026-08-28 01:37:14,97.5,0.0,-0.44,CRITICAL
2026-08-28 01:52:14,97.5,4.1,0.16,CRITICAL
2026-08-28 02:07:14,97.7,12.4,0.5,CRITICAL
2026-08-28 02:22:14,97.3,3.9,-1.29,CRITICAL
2026-08-28 02:37:14,97.3,15.3,-0.35,CRITICAL
2026-08-28 02:52:14,97.1,5.1,-0.42,CRITICAL
2026-08-28 03:07:14,97.0,5.8,-0.52,CRITICAL
2026-08-28 03:22:14,96.8,2.7,-0.84,CRITICAL
2026-08-28 03:37:14,96.6,4.9,-0.83,CRITICAL
2026-08-28 03:52:14,96.5,2.1,-0.31,CRITICAL
2026-08-28 04:07:14,96.7,4.0,0.8,CRITICAL
2026-08-28 04:22:14,96.8,0.0,0.47,CRITICAL
2026-08-28 04:37:14,96.3,10.0,-2.06,CRITICAL
2026-08-28 04:52:14,96.2,3.6,-0.7,CRITICAL
2026-08-28 05:07:14,95.9,0.0,-1.02,CRITICAL
2026-08-28 05:22:14,96.1,0.6,1.0,CRITICAL
2026-08-28 05:37:14,96.3,8.7,0.62,CRITICAL
2026-08-28 05:52:14,96.0,7.9,-1.3,CRITICAL
2026-08-28 06:07:14,96.0,2.9,-0.01,CRITICAL
2026-08-28 06:22:14,96.0,0.1,0.17,CRITICAL
2026-08-28 06:37:14,95.8,4.0,-0.7,CRITICAL
2026-08-28 06:52:14,95.8,7.8,-0.04,CRITICAL
2026-08-28 07:07:14,96.0,3.6,0.53,CRITICAL
2026-08-28 07:22:14,96.0,0.7,0.09,CRITICAL
2026-08-28 07:37:14,95.8,7.4,-0.65,CRITICAL
2026-08-28 07:52:14,95.5,6.3,-1.4,CRITICAL
2026-08-28 08:07:14,95.3,8.7,-0.55,CRITICAL
2026-08-28 08:22:14,95.4,2.9,0.44,CRITICAL
2026-08-28 08:37:14,95.1,2.2,-1.53,CRITICAL
2026-08-28 08:52:14,95.1,0.0,0.08,CRITICAL
2026-08-28 09:07:14,95.3,0.0,1.0,CRITICAL
2026-08-28 09:22:14,95.6,0.0,0.96,CRITICAL
2026-08-28 09:37:14,95.5,5.8,-0.48,CRITICAL
2026-08-28 09:52:14,95.4,2.8,-0.08,CRITICAL
2026-08-28 10:07:14,95.6,4.8,0.48,CRITICAL
2026-08-28 10:22:14,95.5,5.5,-0.28,CRITICAL
2026-08-28 10:37:14,95.4,3.5,-0.45,CRITICAL
2026-08-28 10:52:14,94.9,6.2,-1.77,HIGH RISK
2026-08-28 11:07:14,95.0,0.0,0.19,HIGH RISK
2026-08-28 11:22:14,94.8,5.7,-0.55,HIGH RISK
2026-08-28 11:37:14,94.8,5.1,-0.12,HIGH RISK
2026-08-28 11:52:14,94.6,2.8,-1.02,HIGH RISK
2026-08-28 12:07:14,94.3,5.8,-1.18,HIGH RISK
2026-08-28 12:22:14,93.8,6.6,-1.76,HIGH RISK
2026-08-28 12:37:14,93.8,9.1,-0.02,HIGH RISK
2026-08-28 12:52:14,93.9,6.0,0.39,HIGH RISK
2026-08-28 13:07:14,94.0,11.7,0.41,HIGH RISK
2026-08-28 13:22:14,93.7,0.0,-1.42,HIGH RISK
2026-08-28 13:37:14,93.6,2.5,-0.38,HIGH RISK
2026-08-28 13:52:14,93.3,7.1,-0.98,HIGH RISK
2026-08-28 14:07:14,93.1,5.7,-1.0,HIGH RISK
2026-08-28 14:22:14,92.7,2.6,-1.53,HIGH RISK
2026-08-28 14:37:14,92.3,1.3,-1.48,HIGH RISK
2026-08-28 14:52:14,92.4,1.1,0.44,HIGH RISK
2026-08-28 15:07:14,92.9,1.2,1.71,HIGH RISK
2026-08-28 15:22:14,92.8,7.0,-0.25,HIGH RISK
2026-08-28 15:37:14,92.8,1.6,0.16,HIGH RISK
2026-08-28 15:52:14,92.8,2.7,-0.3,HIGH RISK
2026-08-28 16:07:14,92.6,15.2,-0.48,HIGH RISK
2026-08-28 16:22:14,92.4,9.6,-0.96,HIGH RISK
2026-08-28 16:37:14,92.7,4.9,1.02,HIGH RISK
2026-08-28 16:52:14,92.9,2.5,1.05,HIGH RISK
2026-08-28 17:07:14,92.7,7.8,-0.85,HIGH RISK
2026-08-28 17:22:14,92.8,7.5,0.38,HIGH RISK
2026-08-28 17:37:14,92.4,7.5,-1.66,HIGH RISK
2026-08-28 17:52:14,92.2,2.1,-0.6,HIGH RISK
2026-08-28 18:07:14,92.3,4.7,0.1,HIGH RISK
2026-08-28 18:22:14,91.9,5.7,-1.47,HIGH RISK
2026-08-28 18:37:14,91.9,6.5,0.09,HIGH RISK
2026-08-28 18:52:14,92.0,7.2,0.46,HIGH RISK
2026-08-28 19:07:14,92.0,8.3,-0.03,HIGH RISK
2026-08-28 19:22:14,91.6,4.7,-1.73,HIGH RISK
2026-08-28 19:37:14,91.5,6.7,-0.23,HIGH RISK
2026-08-28 19:52:14,91.2,6.1,-1.42,HIGH RISK
2026-08-28 20:07:14,91.3,0.7,0.44,HIGH RISK
2026-08-28 20:22:14,91.3,4.8,0.15,HIGH RISK
2026-08-28 20:37:14,91.2,5.1,-0.38,HIGH RISK
2026-08-28 20:52:14,91.0,8.8,-0.81,HIGH RISK
2026-08-28 21:07:14,90.8,5.4,-0.77,HIGH RISK
2026-08-28 21:22:14,90.7,3.3,-0.65,HIGH RISK
2026-08-28 21:37:14,90.5,5.9,-0.78,HIGH RISK
2026-08-28 21:52:14,90.2,10.0,-1.12,HIGH RISK
2026-08-28 22:07:14,90.0,4.3,-0.75,HIGH RISK
2026-08-28 22:22:14,89.9,10.8,-0.24,HIGH RISK
2026-08-28 22:37:14,89.5,9.1,-1.59,HIGH RISK
2026-08-28 22:52:14,89.6,6.1,0.31,HIGH RISK
2026-08-28 23:07:14,89.7,5.3,0.45,HIGH RISK
2026-08-28 23:22:14,89.9,2.9,0.73,HIGH RISK
2026-08-28 23:37:14,89.7,14.2,-0.69,HIGH RISK
2026-08-28 23:52:14,89.9,3.2,0.76,HIGH RISK
2026-08-29 00:07:14,89.7,11.3,-0.82,HIGH RISK
2026-08-29 00:22:14,89.6,3.3,-0.63,HIGH RISK
2026-08-29 00:37:14,89.3,0.0,-1.13,HIGH RISK
2026-08-29 00:52:14,89.0,1.0,-1.01,HIGH RISK
2026-08-29 01:07:14,89.0,4.9,-0.21,HIGH RISK
2026-08-29 01:22:14,88.7,11.2,-1.2,HIGH RISK
2026-08-29 01:37:14,88.5,8.9,-0.57,HIGH RISK
2026-08-29 01:52:14,88.6,4.8,0.14,HIGH RISK
2026-08-29 02:07:14,88.6,0.5,-0.09,HIGH RISK
2026-08-29 02:22:14,88.6,5.7,-0.01,HIGH RISK
2026-08-29 02:37:14,88.9,6.2,1.56,HIGH RISK
2026-08-29 02:52:14,88.7,2.4,-0.82,HIGH RISK
2026-08-29 03:07:14,88.5,2.5,-0.84,HIGH RISK
2026-08-29 03:22:14,88.7,2.5,0.55,HIGH RISK
2026-08-29 03:37:14,88.5,10.7,-0.86,HIGH RISK
2026-08-29 03:52:14,88.4,1.7,-0.02,HIGH RISK
2026-08-29 04:07:14,88.5,2.8,0.11,HIGH RISK
2026-08-29 04:22:14,88.1,5.8,-1.61,HIGH RISK
2026-08-29 04:37:14,88.3,11.2,1.04,HIGH RISK
2026-08-29 04:52:14,88.2,2.5,-0.71,HIGH RISK
2026-08-29 05:07:14,88.1,6.1,-0.13,HIGH RISK
2026-08-29 05:22:14,88.4,7.6,1.21,HIGH RISK
2026-08-29 05:37:14,88.2,4.3,-1.04,HIGH RISK
2026-08-29 05:52:14,87.9,0.0,-0.98,HIGH RISK
2026-08-29 06:07:14,88.2,4.9,1.04,HIGH RISK
2026-08-29 06:22:14,88.1,2.9,-0.22,HIGH RISK
2026-08-29 06:37:14,88.3,4.9,0.55,HIGH RISK
2026-08-29 06:52:14,88.1,15.1,-0.82,HIGH RISK
2026-08-29 07:07:14,88.2,3.0,0.44,HIGH RISK
2026-08-29 07:22:14,88.4,7.7,1.08,HIGH RISK
2026-08-29 07:37:14,88.3,7.3,-0.69,HIGH RISK
2026-08-29 07:52:14,88.4,7.4,0.49,HIGH RISK
2026-08-29 08:07:14,88.4,8.3,0.01,HIGH RISK
2026-08-29 08:22:14,88.5,9.3,0.54,HIGH RISK
2026-08-29 08:37:14,88.5,10.5,0.12,HIGH RISK
2026-08-29 08:52:14,88.5,4.3,-0.28,HIGH RISK
2026-08-29 09:07:14,88.2,9.8,-1.05,HIGH RISK
2026-08-29 09:22:14,88.7,49.4,1.93,HIGH RISK
2026-08-29 09:37:14,89.7,45.3,3.93,HIGH RISK
2026-08-29 09:52:14,90.3,47.3,2.46,HIGH RISK
2026-08-29 10:07:14,91.1,28.7,3.3,HIGH RISK
2026-08-29 10:22:14,92.4,52.7,5.0,CRITICAL
2026-08-29 10:37:14,93.0,41.3,2.66,HIGH RISK
2026-08-29 10:52:14,94.1,48.0,4.29,CRITICAL
2026-08-29 11:07:14,94.8,43.9,2.73,HIGH RISK
2026-08-29 11:22:14,95.4,52.3,2.62,CRITICAL
2026-08-29 11:37:14,96.1,39.6,2.63,CRITICAL
2026-08-29 11:52:14,96.4,57.9,1.17,CRITICAL
2026-08-29 12:07:14,96.8,46.6,1.56,CRITICAL
2026-08-29 12:22:14,96.9,59.3,0.57,CRITICAL
2026-08-29 12:37:14,97.6,38.3,2.85,CRITICAL
2026-08-29 12:52:14,98.2,63.8,2.32,CRITICAL
2026-08-29 13:07:14,99.4,38.3,4.66,CRITICAL
2026-08-29 13:22:14,99.3,27.6,-0.24,CRITICAL
2026-08-29 13:37:14,99.5,50.3,1.8,CRITICAL
2026-08-29 13:52:14,99.5,32.7,3.25,CRITICAL
2026-08-29 14:07:14,99.5,47.9,1.72,CRITICAL
2026-08-29 14:22:14,99.5,29.6,3.45,CRITICAL
2026-08-29 14:37:14,99.5,52.8,2.28,CRITICAL
2026-08-29 14:52:14,99.5,67.2,1.12,CRITICAL
2026-08-29 15:07:14,99.5,26.7,1.57,CRITICAL
2026-08-29 15:22:14,99.5,44.5,2.69,CRITICAL
2026-08-29 15:37:14,99.5,42.1,2.82,CRITICAL
2026-08-29 15:52:14,99.5,30.0,4.13,CRITICAL
2026-08-29 16:07:14,99.5,44.0,3.74,CRITICAL
2026-08-29 16:22:14,99.5,49.1,2.95,CRITICAL
2026-08-29 16:37:14,99.5,51.8,2.94,CRITICAL
2026-08-29 16:52:14,99.5,52.7,3.99,CRITICAL
2026-08-29 17:07:14,99.5,47.4,3.25,CRITICAL
2026-08-29 17:22:14,99.5,43.9,4.13,CRITICAL
2026-08-29 17:37:14,99.5,36.9,4.56,CRITICAL
2026-08-29 17:52:14,99.5,44.5,0.68,CRITICAL
2026-08-29 18:07:14,99.5,46.5,1.58,CRITICAL
2026-08-29 18:22:14,99.5,55.1,1.62,CRITICAL
2026-08-29 18:37:14,99.5,39.6,0.13,CRITICAL
2026-08-29 18:52:14,99.4,39.6,-0.51,CRITICAL
2026-08-29 19:07:14,99.5,26.0,3.31,CRITICAL
2026-08-29 19:22:14,99.5,54.4,2.91,CRITICAL
2026-08-29 19:37:14,99.5,33.4,2.34,CRITICAL
2026-08-29 19:52:14,99.5,45.0,1.01,CRITICAL
2026-08-29 20:07:14,99.5,63.0,3.45,CRITICAL
2026-08-29 20:22:14,99.5,42.3,2.43,CRITICAL
2026-08-29 20:37:14,99.5,47.5,-0.05,CRITICAL
2026-08-29 20:52:14,99.5,42.0,1.58,CRITICAL
2026-08-29 21:07:14,99.5,33.0,2.06,CRITICAL
2026-08-29 21:22:14,99.5,66.6,3.17,CRITICAL
2026-08-29 21:37:14,99.5,38.1,3.09,CRITICAL
2026-08-29 21:52:14,99.5,61.8,3.51,CRITICAL
2026-08-29 22:07:14,99.5,45.7,1.62,CRITICAL
2026-08-29 22:22:14,99.5,53.4,2.87,CRITICAL
2026-08-29 22:37:14,99.5,55.7,3.16,CRITICAL
2026-08-29 22:52:14,99.5,57.6,1.76,CRITICAL
2026-08-29 23:07:14,99.5,60.8,2.64,CRITICAL
2026-08-29 23:22:14,99.5,69.9,1.57,CRITICAL
2026-08-29 23:37:14,99.5,65.8,2.64,CRITICAL
2026-08-29 23:52:14,99.5,37.2,1.82,CRITICAL
2026-08-30 00:07:14,99.5,41.2,2.91,CRITICAL
2026-08-30 00:22:14,99.5,51.3,1.71,CRITICAL
2026-08-30 00:37:14,99.5,44.7,4.97,CRITICAL
2026-08-30 00:52:14,99.5,65.7,2.92,CRITICAL
2026-08-30 01:07:14,99.5,45.5,2.54,CRITICAL
2026-08-30 01:22:14,99.5,52.4,1.17,CRITICAL
2026-08-30 01:37:14,99.5,41.9,0.4,CRITICAL
2026-08-30 01:52:14,99.5,49.8,3.18,CRITICAL
2026-08-30 02:07:14,99.5,39.2,4.29,CRITICAL
2026-08-30 02:22:14,99.5,30.3,0.64,CRITICAL
2026-08-30 02:37:14,99.5,47.7,3.66,CRITICAL
2026-08-30 02:52:14,99.5,123.7,6.28,CRITICAL
2026-08-30 03:07:14,99.5,111.6,7.12,CRITICAL
2026-08-30 03:22:14,99.5,86.5,8.97,CRITICAL
2026-08-30 03:37:14,99.5,103.0,4.05,CRITICAL
2026-08-30 03:52:14,99.5,119.5,9.96,CRITICAL
2026-08-30 04:07:14,99.5,77.5,7.99,CRITICAL
2026-08-30 04:22:14,99.5,99.9,7.72,CRITICAL
2026-08-30 04:37:14,99.5,79.0,5.86,CRITICAL
2026-08-30 04:52:14,99.5,89.5,9.55,CRITICAL
2026-08-30 05:07:14,99.5,100.9,6.46,CRITICAL
2026-08-30 05:22:14,99.5,105.4,1.5,CRITICAL
2026-08-30 05:37:14,99.5,113.0,3.72,CRITICAL
2026-08-30 05:52:14,99.5,82.8,4.96,CRITICAL
2026-08-30 06:07:14,99.5,64.1,9.52,CRITICAL
2026-08-30 06:22:14,99.5,80.6,7.89,CRITICAL
2026-08-30 06:37:14,99.5,89.1,8.15,CRITICAL
2026-08-30 06:52:14,99.5,91.5,4.63,CRITICAL
2026-08-30 07:07:14,99.5,109.9,6.21,CRITICAL
2026-08-30 07:22:14,99.5,58.9,6.34,CRITICAL
2026-08-30 07:37:14,99.5,120.0,8.9,CRITICAL
2026-08-30 07:52:14,99.5,83.0,6.5,CRITICAL
2026-08-30 08:07:14,99.5,83.6,11.35,CRITICAL
2026-08-30 08:22:14,99.5,97.6,8.06,CRITICAL
2026-08-30 08:37:14,99.5,110.6,7.68,CRITICAL
2026-08-30 08:52:14,99.5,84.8,6.81,CRITICAL
2026-08-30 09:07:14,99.5,88.6,7.13,CRITICAL
2026-08-30 09:22:14,99.5,104.6,7.3,CRITICAL
2026-08-30 09:37:14,99.5,104.7,7.04,CRITICAL
2026-08-30 09:52:14,99.5,91.6,3.2,CRITICAL
2026-08-30 10:07:14,99.5,108.3,7.89,CRITICAL
2026-08-30 10:22:14,99.5,110.0,1.41,CRITICAL
2026-08-30 10:37:14,99.5,131.8,6.92,CRITICAL
2026-08-30 10:52:14,99.5,112.2,5.12,CRITICAL
2026-08-30 11:07:14,99.5,102.3,5.09,CRITICAL
2026-08-30 11:22:14,99.5,77.5,11.03,CRITICAL
2026-08-30 11:37:14,99.5,86.2,7.63,CRITICAL
2026-08-30 11:52:14,99.5,107.4,8.19,CRITICAL
2026-08-30 12:07:14,99.5,93.0,7.93,CRITICAL
2026-08-30 12:22:14,99.5,138.1,7.08,CRITICAL
2026-08-30 12:37:14,99.5,94.0,9.3,CRITICAL
2026-08-30 12:52:14,99.5,112.1,9.57,CRITICAL
2026-08-30 13:07:14,99.5,102.8,4.91,CRITICAL
2026-08-30 13:22:14,99.5,122.7,4.91,CRITICAL
2026-08-30 13:37:14,99.5,96.1,5.69,CRITICAL
2026-08-30 13:52:14,99.5,88.7,7.86,CRITICAL
2026-08-30 14:07:14,99.5,96.4,8.04,CRITICAL
2026-08-30 14:22:14,99.5,122.3,8.11,CRITICAL
2026-08-30 14:37:14,99.5,85.1,9.13,CRITICAL
2026-08-30 14:52:14,99.5,113.8,4.74,CRITICAL
2026-08-30 15:07:14,99.5,101.9,8.6,CRITICAL
2026-08-30 15:22:14,99.5,122.6,17.2,CRITICAL
2026-08-30 15:37:14,99.5,126.2,13.2,CRITICAL
2026-08-30 15:52:14,99.5,125.7,12.85,CRITICAL
2026-08-30 16:07:14,99.5,102.6,8.19,CRITICAL
2026-08-30 16:22:14,99.5,169.9,10.09,CRITICAL
2026-08-30 16:37:14,99.5,105.2,5.91,CRITICAL
2026-08-30 16:52:14,99.5,114.0,8.57,CRITICAL
2026-08-30 17:07:14,99.5,171.1,16.03,CRITICAL
2026-08-30 17:22:14,99.5,112.8,20.01,CRITICAL
2026-08-30 17:37:14,99.5,154.5,11.76,CRITICAL
2026-08-30 17:52:14,99.5,80.0,20.13,CRITICAL
2026-08-30 18:07:14,99.5,95.3,7.53,CRITICAL
2026-08-30 18:22:14,99.5,155.6,20.61,CRITICAL
2026-08-30 18:37:14,99.5,164.6,14.6,CRITICAL
2026-08-30 18:52:14,99.5,144.9,15.53,CRITICAL
2026-08-30 19:07:14,99.5,149.0,13.7,CRITICAL
2026-08-30 19:22:14,99.5,132.6,12.6,CRITICAL
2026-08-30 19:37:14,99.5,111.2,11.9,CRITICAL
2026-08-30 19:52:14,99.5,87.7,12.49,CRITICAL
2026-08-30 20:07:14,99.5,105.3,9.27,CRITICAL
2026-08-30 20:22:14,99.5,134.5,17.25,CRITICAL
2026-08-30 20:37:14,99.5,153.0,7.77,CRITICAL
2026-08-30 20:52:14,99.5,105.3,15.81,CRITICAL
2026-08-30 21:07:14,99.5,105.4,12.08,CRITICAL
2026-08-30 21:22:14,99.5,143.8,9.7,CRITICAL
2026-08-30 21:37:14,99.5,132.6,8.53,CRITICAL
2026-08-30 21:52:14,99.5,115.0,13.82,CRITICAL
2026-08-30 22:07:14,99.5,90.2,14.21,CRITICAL
2026-08-30 22:22:14,99.5,129.5,14.57,CRITICAL
2026-08-30 22:37:14,99.5,135.6,17.17,CRITICAL
2026-08-30 22:52:14,99.3,5.5,-0.74,CRITICAL
2026-08-30 23:07:14,99.3,5.5,0.03,CRITICAL
2026-08-30 23:22:14,99.2,5.2,-0.37,CRITICAL
2026-08-30 23:37:14,99.0,2.2,-0.93,CRITICAL
2026-08-30 23:52:14,99.2,0.0,1.0,CRITICAL
2026-08-31 00:07:14,99.0,0.0,-0.95,CRITICAL
2026-08-31 00:22:14,99.1,2.1,0.32,CRITICAL
2026-08-31 00:37:14,99.2,3.8,0.6,CRITICAL
2026-08-31 00:52:14,99.2,2.3,-0.18,CRITICAL
2026-08-31 01:07:14,99.5,1.7,1.32,CRITICAL
2026-08-31 01:22:14,99.5,0.2,-0.15,CRITICAL
2026-08-31 01:37:14,99.4,7.5,-0.07,CRITICAL
2026-08-31 01:52:14,99.3,4.3,-0.5,CRITICAL
2026-08-31 02:07:14,99.2,5.2,-0.52,CRITICAL
2026-08-31 02:22:14,99.5,8.9,1.37,CRITICAL
2026-08-31 02:37:14,99.1,2.8,-1.5,CRITICAL
2026-08-31 02:52:14,99.5,4.6,1.66,CRITICAL
2026-08-31 03:07:14,99.5,1.8,0.91,CRITICAL
2026-08-31 03:22:14,99.3,11.7,-0.84,CRITICAL
2026-08-31 03:37:14,99.5,7.3,0.9,CRITICAL
2026-08-31 03:52:14,99.4,3.5,-0.56,CRITICAL
2026-08-31 04:07:14,99.1,2.7,-1.21,CRITICAL
2026-08-31 04:22:14,98.7,2.4,-1.38,CRITICAL
2026-08-31 04:37:14,98.5,5.1,-1.02,CRITICAL
2026-08-31 04:52:14,98.0,5.9,-1.64,CRITICAL
2026-08-31 05:07:14,98.1,6.3,0.27,CRITICAL
2026-08-31 05:22:14,98.1,0.0,-0.1,CRITICAL
2026-08-31 05:37:14,97.7,9.9,-1.37,CRITICAL
2026-08-31 05:52:14,97.7,11.7,-0.06,CRITICAL
2026-08-31 06:07:14,97.6,2.2,-0.44,CRITICAL
2026-08-31 06:22:14,97.5,7.2,-0.34,CRITICAL
2026-08-31 06:37:14,97.2,7.2,-1.14,CRITICAL
2026-08-31 06:52:14,96.9,5.7,-1.53,CRITICAL
2026-08-31 07:07:14,96.6,4.6,-1.12,CRITICAL
2026-08-31 07:22:14,96.7,2.1,0.59,CRITICAL
2026-08-31 07:37:14,96.8,9.4,0.09,CRITICAL
2026-08-31 07:52:14,96.6,0.6,-0.65,CRITICAL
2026-08-31 08:07:14,96.5,9.9,-0.29,CRITICAL
2026-08-31 08:22:14,96.5,14.3,-0.09,CRITICAL
2026-08-31 08:37:14,96.3,5.8,-0.65,CRITICAL
2026-08-31 08:52:14,96.2,5.5,-0.52,CRITICAL
2026-08-31 09:07:14,96.3,7.8,0.37,CRITICAL
2026-08-31 09:22:14,95.9,1.9,-1.46,CRITICAL
2026-08-31 09:37:14,95.9,0.0,0.01,CRITICAL
2026-08-31 09:52:14,95.4,0.6,-2.12,CRITICAL
2026-08-31 10:07:14,95.8,6.6,1.59,CRITICAL
2026-08-31 10:22:14,95.9,5.0,0.27,CRITICAL
2026-08-31 10:37:14,95.7,5.3,-0.48,CRITICAL
2026-08-31 10:52:14,95.6,8.7,-0.63,CRITICAL
2026-08-31 11:07:14,95.6,6.1,-0.14,CRITICAL
2026-08-31 11:22:14,95.7,2.3,0.39,CRITICAL
2026-08-31 11:37:14,95.4,4.3,-1.0,CRITICAL
2026-08-31 11:52:14,95.1,7.1,-1.12,CRITICAL
2026-08-31 12:07:14,95.0,5.1,-0.41,CRITICAL
2026-08-31 12:22:14,95.0,9.3,-0.02,CRITICAL
2026-08-31 12:37:14,95.1,4.9,0.25,CRITICAL
2026-08-31 12:52:14,95.1,10.6,0.05,CRITICAL
2026-08-31 13:07:14,94.7,5.0,-1.45,HIGH RISK
2026-08-31 13:22:14,94.6,0.7,-0.64,HIGH RISK
2026-08-31 13:37:14,94.4,2.6,-0.55,HIGH RISK
2026-08-31 13:52:14,94.4,5.2,0.02,HIGH RISK
2026-08-31 14:07:14,94.4,4.7,-0.01,HIGH RISK
2026-08-31 14:22:14,93.9,5.3,-1.98,HIGH RISK
2026-08-31 14:37:14,93.8,1.2,-0.52,HIGH RISK
2026-08-31 14:52:14,93.8,0.2,0.08,HIGH RISK
2026-08-31 15:07:14,94.0,11.1,0.58,HIGH RISK
2026-08-31 15:22:14,94.2,4.1,0.79,HIGH RISK
2026-08-31 15:37:14,94.0,5.6,-0.67,HIGH RISK
2026-08-31 15:52:14,93.8,2.5,-0.64,HIGH RISK
2026-08-31 16:07:14,93.8,3.4,-0.26,HIGH RISK
2026-08-31 16:22:14,93.7,5.6,-0.4,HIGH RISK
2026-08-31 16:37:14,93.8,6.7,0.55,HIGH RISK
2026-08-31 16:52:14,93.4,8.8,-1.59,HIGH RISK
2026-08-31 17:07:14,93.5,0.0,0.35,HIGH RISK
2026-08-31 17:22:14,93.4,0.0,-0.58,HIGH RISK
2026-08-31 17:37:14,92.9,0.3,-1.84,HIGH RISK
2026-08-31 17:52:14,93.0,7.2,0.21,HIGH RISK
2026-08-31 18:07:14,92.3,2.7,-2.47,HIGH RISK
2026-08-31 18:22:14,92.3,2.8,-0.09,HIGH RISK
2026-08-31 18:37:14,92.2,0.0,-0.25,HIGH RISK
2026-08-31 18:52:14,92.3,4.9,0.06,HIGH RISK
2026-08-31 19:07:14,92.0,5.5,-1.18,HIGH RISK
2026-08-31 19:22:14,91.8,9.8,-0.53,HIGH RISK
2026-08-31 19:37:14,91.6,4.9,-1.15,HIGH RISK
2026-08-31 19:52:14,91.3,3.2,-1.11,HIGH RISK
2026-08-31 20:07:14,91.5,4.3,0.97,HIGH RISK
2026-08-31 20:22:14,91.1,0.0,-1.69,HIGH RISK
2026-08-31 20:37:14,91.0,10.9,-0.57,HIGH RISK
2026-08-31 20:52:14,91.1,2.3,0.43,HIGH RISK
2026-08-31 21:07:14,91.3,2.6,1.06,HIGH RISK
2026-08-31 21:22:14,91.1,7.7,-0.79,HIGH RISK
2026-08-31 21:37:14,90.9,13.6,-0.88,HIGH RISK
2026-08-31 21:52:14,90.9,8.0,-0.16,HIGH RISK
2026-08-31 22:07:14,91.1,10.2,0.85,HIGH RISK
2026-08-31 22:22:14,90.8,5.1,-1.0,HIGH RISK
2026-08-31 22:37:14,90.6,6.8,-0.94,HIGH RISK
2026-08-31 22:52:14,90.5,13.1,-0.29,HIGH RISK
2026-08-31 23:07:14,90.5,3.5,-0.25,HIGH RISK
2026-08-31 23:22:14,90.2,0.0,-1.18,HIGH RISK
2026-08-31 23:37:14,89.9,9.8,-0.93,HIGH RISK
2026-08-31 23:52:14,89.9,0.8,0.03,HIGH RISK
2026-09-01 00:07:14,90.0,9.7,0.18,HIGH RISK
2026-09-01 00:22:14,89.7,9.0,-1.01,HIGH RISK
2026-09-01 00:37:14,89.9,0.0,0.8,HIGH RISK
2026-09-01 00:52:14,89.8,3.7,-0.6,HIGH RISK
2026-09-01 01:07:14,89.8,10.3,0.04,HIGH RISK
2026-09-01 01:22:14,90.1,6.8,1.33,HIGH RISK
2026-09-01 01:37:14,90.2,2.4,0.34,HIGH RISK
2026-09-01 01:52:14,90.2,5.2,-0.19,HIGH RISK
2026-09-01 02:07:14,90.2,11.1,0.01,HIGH RISK
2026-09-01 02:22:14,90.3,7.2,0.46,HIGH RISK
2026-09-01 02:37:14,90.0,3.5,-1.07,HIGH RISK
2026-09-01 02:52:14,89.5,0.8,-1.97,HIGH RISK
2026-09-01 03:07:14,89.2,13.2,-1.28,HIGH RISK
2026-09-01 03:22:14,89.0,4.1,-0.62,HIGH RISK
2026-09-01 03:37:14,89.1,6.2,0.25,HIGH RISK
2026-09-01 03:52:14,88.9,8.4,-0.87,HIGH RISK
2026-09-01 04:07:14,88.8,4.3,-0.17,HIGH RISK
2026-09-01 04:22:14,89.1,4.0,0.89,HIGH RISK
2026-09-01 04:37:14,89.1,7.0,0.19,HIGH RISK
2026-09-01 04:52:14,89.3,7.7,0.54,HIGH RISK
2026-09-01 05:07:14,88.9,5.7,-1.44,HIGH RISK
2026-09-01 05:22:14,88.7,6.6,-0.92,HIGH RISK
2026-09-01 05:37:14,88.7,2.9,0.07,HIGH RISK
2026-09-01 05:52:14,88.6,10.0,-0.38,HIGH RISK
2026-09-01 06:07:14,88.8,6.2,0.96,HIGH RISK
2026-09-01 06:22:14,89.2,6.0,1.68,HIGH RISK
2026-09-01 06:37:14,88.8,7.3,-1.81,HIGH RISK
2026-09-01 06:52:14,88.8,8.0,-0.1,HIGH RISK
2026-09-01 07:07:14,88.8,10.2,0.14,HIGH RISK
2026-09-01 07:22:14,88.5,4.4,-1.38,HIGH RISK
2026-09-01 07:37:14,88.2,4.2,-1.08,HIGH RISK
2026-09-01 07:52:14,88.2,2.7,0.07,HIGH RISK
2026-09-01 08:07:14,88.2,11.7,-0.08,HIGH RISK
2026-09-01 08:22:14,88.2,0.2,-0.04,HIGH RISK
2026-09-01 08:37:14,88.0,9.8,-0.89,HIGH RISK
2026-09-01 08:52:14,87.9,4.5,-0.39,HIGH RISK
2026-09-01 09:07:14,87.9,1.9,0.12,HIGH RISK
2026-09-01 09:22:14,87.9,4.5,-0.06,HIGH RISK
2026-09-01 09:37:14,87.7,1.5,-0.75,HIGH RISK
2026-09-01 09:52:14,87.5,7.9,-0.7,HIGH RISK
2026-09-01 10:07:14,87.3,11.9,-0.72,HIGH RISK
2026-09-01 10:22:14,87.4,5.9,0.35,HIGH RISK
2026-09-01 10:37:14,87.0,0.0,-1.81,HIGH RISK
2026-09-01 10:52:14,87.1,0.0,0.61,HIGH RISK
2026-09-01 11:07:14,87.5,2.8,1.65,HIGH RISK
2026-09-01 11:22:14,87.5,2.7,-0.25,HIGH RISK
2026-09-01 11:37:14,87.8,11.2,1.2,HIGH RISK
2026-09-01 11:52:14,87.9,13.2,0.57,HIGH RISK
2026-09-01 12:07:14,87.9,9.1,0.07,HIGH RISK
2026-09-01 12:22:14,88.4,54.3,1.74,HIGH RISK
2026-09-01 12:37:14,89.0,35.2,2.4,HIGH RISK
2026-09-01 12:52:14,89.4,43.0,1.86,HIGH RISK
2026-09-01 13:07:14,90.3,53.4,3.55,HIGH RISK
2026-09-01 13:22:14,91.3,46.1,4.17,CRITICAL
2026-09-01 13:37:14,91.9,31.3,2.17,HIGH RISK
2026-09-01 13:52:14,91.9,36.4,0.16,HIGH RISK
2026-09-01 14:07:14,92.5,44.0,2.25,HIGH RISK
2026-09-01 14:22:14,93.3,63.2,3.16,HIGH RISK
2026-09-01 14:37:14,94.4,32.7,4.62,CRITICAL
2026-09-01 14:52:14,95.2,59.7,3.1,CRITICAL
2026-09-01 15:07:14,95.5,42.3,1.25,CRITICAL
2026-09-01 15:22:14,96.5,40.5,3.71,CRITICAL
2026-09-01 15:37:14,97.5,67.6,4.25,CRITICAL
2026-09-01 15:52:14,97.8,39.1,1.06,CRITICAL
2026-09-01 16:07:14,97.9,46.7,0.28,CRITICAL
2026-09-01 16:22:14,98.4,48.9,2.22,CRITICAL
2026-09-01 16:37:14,98.5,39.4,0.49,CRITICAL
2026-09-01 16:52:14,99.0,51.2,1.76,CRITICAL
2026-09-01 17:07:14,98.7,31.0,-1.05,CRITICAL
2026-09-01 17:22:14,99.5,44.7,4.53,CRITICAL
2026-09-01 17:37:14,99.5,64.9,1.85,CRITICAL
2026-09-01 17:52:14,99.5,37.8,2.96,CRITICAL
2026-09-01 18:07:14,99.5,33.0,2.76,CRITICAL
2026-09-01 18:22:14,99.5,54.2,3.87,CRITICAL
2026-09-01 18:37:14,99.5,43.8,2.16,CRITICAL
2026-09-01 18:52:14,99.5,34.5,1.41,CRITICAL
2026-09-01 19:07:14,99.5,42.3,2.84,CRITICAL
2026-09-01 19:22:14,99.5,56.0,1.44,CRITICAL
2026-09-01 19:37:14,99.5,62.9,2.07,CRITICAL
2026-09-01 19:52:14,99.5,44.7,1.5,CRITICAL
2026-09-01 20:07:14,99.5,15.9,3.46,CRITICAL
2026-09-01 20:22:14,99.5,53.8,2.06,CRITICAL
2026-09-01 20:37:14,99.5,45.8,3.02,CRITICAL
2026-09-01 20:52:14,99.5,26.2,1.77,CRITICAL
2026-09-01 21:07:14,99.5,54.5,0.89,CRITICAL
2026-09-01 21:22:14,99.5,48.5,0.77,CRITICAL
2026-09-01 21:37:14,99.5,50.6,2.36,CRITICAL
2026-09-01 21:52:14,99.5,25.6,3.8,CRITICAL
2026-09-01 22:07:14,99.5,36.2,1.43,CRITICAL
2026-09-01 22:22:14,99.5,47.4,3.78,CRITICAL
2026-09-01 22:37:14,99.5,32.8,2.47,CRITICAL
2026-09-01 22:52:14,99.5,50.1,3.23,CRITICAL
2026-09-01 23:07:14,99.5,47.1,1.96,CRITICAL
2026-09-01 23:22:14,99.5,35.1,2.5,CRITICAL
2026-09-01 23:37:14,99.2,32.1,-1.11,CRITICAL
2026-09-01 23:52:14,99.5,50.2,3.48,CRITICAL
2026-09-02 00:07:14,99.5,16.6,1.19,CRITICAL
2026-09-02 00:22:14,99.5,52.4,4.87,CRITICAL
2026-09-02 00:37:14,99.5,45.2,1.53,CRITICAL
2026-09-02 00:52:14,99.5,42.8,4.05,CRITICAL
2026-09-02 01:07:14,99.5,37.2,1.44,CRITICAL
2026-09-02 01:22:14,99.5,39.2,1.26,CRITICAL
2026-09-02 01:37:14,99.5,46.5,4.35,CRITICAL
2026-09-02 01:52:14,99.5,48.9,2.1,CRITICAL
2026-09-02 02:07:14,99.5,41.5,0.52,CRITICAL
2026-09-02 02:22:14,99.5,55.6,2.31,CRITICAL
2026-09-02 02:37:14,99.5,42.8,6.23,CRITICAL
2026-09-02 02:52:14,99.5,48.6,1.5,CRITICAL
2026-09-02 03:07:14,99.5,39.9,3.78,CRITICAL
2026-09-02 03:22:14,99.5,46.4,0.67,CRITICAL
2026-09-02 03:37:14,99.5,56.0,1.6,CRITICAL
2026-09-02 03:52:14,99.5,67.5,3.7,CRITICAL
2026-09-02 04:07:14,99.5,39.6,3.94,CRITICAL
2026-09-02 04:22:14,99.5,45.8,3.42,CRITICAL
2026-09-02 04:37:14,99.5,50.8,1.38,CRITICAL
2026-09-02 04:52:14,99.5,37.3,3.64,CRITICAL
2026-09-02 05:07:14,99.5,41.0,1.92,CRITICAL
2026-09-02 05:22:14,99.5,33.5,2.91,CRITICAL
2026-09-02 05:37:14,99.5,69.8,1.12,CRITICAL
2026-09-02 05:52:14,99.5,90.5,10.02,CRITICAL
2026-09-02 06:07:14,99.5,88.4,8.1,CRITICAL
2026-09-02 06:22:14,99.5,68.8,8.06,CRITICAL
2026-09-02 06:37:14,99.5,86.3,9.17,CRITICAL
2026-09-02 06:52:14,99.5,113.7,12.38,CRITICAL
2026-09-02 07:07:14,99.5,101.6,7.85,CRITICAL
2026-09-02 07:22:14,99.5,93.9,6.49,CRITICAL
2026-09-02 07:37:14,99.5,96.8,6.61,CRITICAL
2026-09-02 07:52:14,99.5,93.4,9.84,CRITICAL
2026-09-02 08:07:14,99.5,69.9,9.48,CRITICAL
2026-09-02 08:22:14,99.5,116.3,6.96,CRITICAL
2026-09-02 08:37:14,99.5,50.0,5.98,CRITICAL
2026-09-02 08:52:14,99.5,115.9,7.15,CRITICAL
2026-09-02 09:07:14,99.5,70.0,6.19,CRITICAL
2026-09-02 09:22:14,99.5,106.8,8.29,CRITICAL
2026-09-02 09:37:14,99.5,85.2,6.47,CRITICAL
2026-09-02 09:52:14,99.5,82.2,5.36,CRITICAL
2026-09-02 10:07:14,99.5,122.3,6.56,CRITICAL
2026-09-02 10:22:14,99.5,114.3,10.24,CRITICAL
2026-09-02 10:37:14,99.5,110.0,6.34,CRITICAL
2026-09-02 10:52:14,99.5,98.1,7.15,CRITICAL
2026-09-02 11:07:14,99.5,71.9,7.85,CRITICAL
2026-09-02 11:22:14,99.5,66.4,9.58,CRITICAL
2026-09-02 11:37:14,99.5,80.7,7.6,CRITICAL
2026-09-02 11:52:14,99.5,95.7,6.68,CRITICAL
2026-09-02 12:07:14,99.5,101.7,6.25,CRITICAL
2026-09-02 12:22:14,99.5,107.4,4.51,CRITICAL
2026-09-02 12:37:14,99.5,92.5,11.08,CRITICAL
2026-09-02 12:52:14,99.5,70.0,5.84,CRITICAL
2026-09-02 13:07:14,99.5,100.3,7.56,CRITICAL
2026-09-02 13:22:14,99.5,97.0,8.18,CRITICAL
2026-09-02 13:37:14,99.5,102.7,9.42,CRITICAL
2026-09-02 13:52:14,99.5,98.2,6.72,CRITICAL
2026-09-02 14:07:14,99.5,103.5,11.0,CRITICAL
2026-09-02 14:22:14,99.5,87.3,5.25,CRITICAL
2026-09-02 14:37:14,99.5,112.1,6.96,CRITICAL
2026-09-02 14:52:14,99.5,50.0,8.89,CRITICAL
2026-09-02 15:07:14,99.5,79.3,7.02,CRITICAL
2026-09-02 15:22:14,99.5,96.6,7.58,CRITICAL
2026-09-02 15:37:14,99.5,104.2,6.33,CRITICAL
2026-09-02 15:52:14,99.5,100.3,6.68,CRITICAL
2026-09-02 16:07:14,99.5,104.8,8.43,CRITICAL
2026-09-02 16:22:14,99.5,71.3,9.37,CRITICAL
2026-09-02 16:37:14,99.5,79.3,8.82,CRITICAL
2026-09-02 16:52:14,99.5,97.3,10.88,CRITICAL
2026-09-02 17:07:14,99.5,85.5,6.5,CRITICAL
2026-09-02 17:22:14,99.5,89.6,6.59,CRITICAL
2026-09-02 17:37:14,99.5,106.0,3.97,CRITICAL
2026-09-02 17:52:14,99.5,68.9,5.06,CRITICAL
2026-09-02 18:07:14,99.5,109.0,10.62,CRITICAL
2026-09-02 18:22:14,99.5,127.4,12.26,CRITICAL
2026-09-02 18:37:14,99.5,131.8,16.52,CRITICAL
2026-09-02 18:52:14,99.5,106.8,13.56,CRITICAL
2026-09-02 19:07:14,99.5,154.4,14.4,CRITICAL
2026-09-02 19:22:14,99.5,134.7,16.0,CRITICAL
2026-09-02 19:37:14,99.5,80.0,14.97,CRITICAL
2026-09-02 19:52:14,99.5,113.6,6.94,CRITICAL
2026-09-02 20:07:14,99.5,142.8,17.2,CRITICAL
2026-09-02 20:22:14,99.5,126.6,15.85,CRITICAL
2026-09-02 20:37:14,99.5,170.3,17.01,CRITICAL
2026-09-02 20:52:14,99.5,171.0,15.17,CRITICAL
2026-09-02 21:07:14,99.5,131.9,7.67,CRITICAL
2026-09-02 21:22:14,99.5,123.8,10.1,CRITICAL
2026-09-02 21:37:14,99.5,184.3,12.24,CRITICAL
2026-09-02 21:52:14,99.5,133.1,14.56,CRITICAL
2026-09-02 22:07:14,99.5,131.1,18.22,CRITICAL
2026-09-02 22:22:14,99.5,114.4,13.42,CRITICAL
2026-09-02 22:37:14,99.5,111.4,8.58,CRITICAL
2026-09-02 22:52:14,99.5,114.7,12.68,CRITICAL
2026-09-02 23:07:14,99.5,119.3,10.58,CRITICAL
2026-09-02 23:22:14,99.5,94.8,12.53,CRITICAL
2026-09-02 23:37:14,99.5,92.4,15.23,CRITICAL
2026-09-02 23:52:14,99.5,132.1,8.14,CRITICAL
2026-09-03 00:07:14,99.5,122.3,10.39,CRITICAL
2026-09-03 00:22:14,99.5,138.0,17.09,CRITICAL
2026-09-03 00:37:14,99.5,83.1,13.17,CRITICAL
2026-09-03 00:52:14,99.5,126.0,14.95,CRITICAL
2026-09-03 01:07:14,99.5,135.3,10.39,CRITICAL
2026-09-03 01:22:14,99.5,122.0,10.25,CRITICAL
2026-09-03 01:37:14,99.5,156.9,12.87,CRITICAL
2026-09-03 01:52:14,99.4,12.6,-0.45,CRITICAL
2026-09-03 02:07:14,99.0,2.2,-1.61,CRITICAL
2026-09-03 02:22:14,98.6,0.0,-1.67,CRITICAL
2026-09-03 02:37:14,98.6,6.1,0.01,CRITICAL
2026-09-03 02:52:14,98.6,0.0,0.32,CRITICAL
2026-09-03 03:07:14,98.6,3.1,-0.28,CRITICAL
2026-09-03 03:22:14,98.7,11.4,0.32,CRITICAL
2026-09-03 03:37:14,98.4,3.9,-1.11,CRITICAL
2026-09-03 03:52:14,98.1,0.0,-0.98,CRITICAL
2026-09-03 04:07:14,97.8,4.2,-1.19,CRITICAL
2026-09-03 04:22:14,97.8,4.5,-0.34,CRITICAL
2026-09-03 04:37:14,97.5,4.1,-0.92,CRITICAL
2026-09-03 04:52:14,97.5,5.7,-0.05,CRITICAL
2026-09-03 05:07:14,97.7,0.6,0.73,CRITICAL
2026-09-03 05:22:14,97.6,4.6,-0.38,CRITICAL
2026-09-03 05:37:14,97.5,7.8,-0.21,CRITICAL
2026-09-03 05:52:14,97.5,8.8,-0.17,CRITICAL
2026-09-03 06:07:14,97.5,2.6,-0.11,CRITICAL
2026-09-03 06:22:14,97.4,0.4,-0.31,CRITICAL
2026-09-03 06:37:14,97.3,4.9,-0.57,CRITICAL
2026-09-03 06:52:14,96.8,4.5,-1.91,CRITICAL
2026-09-03 07:07:14,96.7,2.8,-0.33,CRITICAL
2026-09-03 07:22:14,96.4,5.6,-1.22,CRITICAL
2026-09-03 07:37:14,96.1,10.1,-1.09,CRITICAL
2026-09-03 07:52:14,96.1,8.9,-0.06,CRITICAL
2026-09-03 08:07:14,96.4,2.4,1.02,CRITICAL
2026-09-03 08:22:14,96.4,0.2,0.34,CRITICAL
2026-09-03 08:37:14,96.2,9.0,-0.94,CRITICAL
2026-09-03 08:52:14,96.1,10.6,-0.6,CRITICAL
2026-09-03 09:07:14,96.0,6.2,-0.19,CRITICAL
2026-09-03 09:22:14,96.1,4.5,0.25,CRITICAL
2026-09-03 09:37:14,95.6,8.2,-1.8,CRITICAL
2026-09-03 09:52:14,95.2,10.2,-1.73,CRITICAL
2026-09-03 10:07:14,95.3,9.1,0.5,CRITICAL
2026-09-03 10:22:14,95.1,0.6,-0.73,CRITICAL
2026-09-03 10:37:14,95.0,0.6,-0.57,HIGH RISK
2026-09-03 10:52:14,95.0,3.8,0.22,CRITICAL
2026-09-03 11:07:14,95.2,10.2,0.72,CRITICAL
2026-09-03 11:22:14,95.1,2.8,-0.57,CRITICAL
2026-09-03 11:37:14,94.8,0.0,-1.04,HIGH RISK
2026-09-03 11:52:14,95.0,8.9,0.89,CRITICAL
2026-09-03 12:07:14,94.8,0.1,-0.87,HIGH RISK
2026-09-03 12:22:14,94.8,4.9,-0.18,HIGH RISK
2026-09-03 12:37:14,94.8,1.8,-0.06,HIGH RISK
2026-09-03 12:52:14,94.7,3.1,-0.41,HIGH RISK
2026-09-03 13:07:14,94.6,7.2,-0.39,HIGH RISK
2026-09-03 13:22:14,94.4,3.3,-0.49,HIGH RISK
2026-09-03 13:37:14,94.3,4.6,-0.7,HIGH RISK
2026-09-03 13:52:14,94.5,4.0,0.88,HIGH RISK
2026-09-03 14:07:14,94.3,7.2,-0.64,HIGH RISK
2026-09-03 14:22:14,94.2,7.8,-0.67,HIGH RISK
2026-09-03 14:37:14,94.1,9.7,-0.1,HIGH RISK
2026-09-03 14:52:14,94.1,4.6,-0.04,HIGH RISK
2026-09-03 15:07:14,93.8,0.0,-1.3,HIGH RISK
2026-09-03 15:22:14,93.7,0.2,-0.29,HIGH RISK
2026-09-03 15:37:14,94.1,11.9,1.39,HIGH RISK
2026-09-03 15:52:14,94.1,7.6,0.0,HIGH RISK
2026-09-03 16:07:14,93.9,0.0,-0.83,HIGH RISK
2026-09-03 16:22:14,93.6,1.8,-0.9,HIGH RISK
2026-09-03 16:37:14,93.5,4.3,-0.78,HIGH RISK
2026-09-03 16:52:14,93.5,0.0,0.2,HIGH RISK
2026-09-03 17:07:14,93.4,0.7,-0.21,HIGH RISK
2026-09-03 17:22:14,93.2,13.3,-1.14,HIGH RISK
2026-09-03 17:37:14,93.0,0.0,-0.63,HIGH RISK
2026-09-03 17:52:14,93.3,9.4,1.17,HIGH RISK
2026-09-03 18:07:14,93.3,0.1,-0.0,HIGH RISK
2026-09-03 18:22:14,93.2,3.1,-0.48,HIGH RISK
2026-09-03 18:37:14,92.8,15.6,-1.6,HIGH RISK
2026-09-03 18:52:14,92.8,6.0,-0.03,HIGH RISK
2026-09-03 19:07:14,92.7,9.3,-0.32,HIGH RISK
2026-09-03 19:22:14,92.5,6.2,-0.71,HIGH RISK
2026-09-03 19:37:14,92.3,6.1,-0.67,HIGH RISK
2026-09-03 19:52:14,92.2,7.5,-0.7,HIGH RISK
2026-09-03 20:07:14,92.1,6.5,-0.42,HIGH RISK
2026-09-03 20:22:14,92.0,9.5,-0.44,HIGH RISK
2026-09-03 20:37:14,92.1,0.0,0.61,HIGH RISK
2026-09-03 20:52:14,91.9,1.4,-0.92,HIGH RISK
2026-09-03 21:07:14,92.0,2.6,0.7,HIGH RISK
2026-09-03 21:22:14,92.6,0.0,2.11,HIGH RISK
2026-09-03 21:37:14,92.5,9.2,-0.22,HIGH RISK
2026-09-03 21:52:14,92.5,4.8,-0.17,HIGH RISK
2026-09-03 22:07:14,92.5,7.1,0.12,HIGH RISK
2026-09-03 22:22:14,92.4,7.2,-0.33,HIGH RISK
2026-09-03 22:37:14,92.3,4.2,-0.52,HIGH RISK
2026-09-03 22:52:14,92.4,4.2,0.51,HIGH RISK
2026-09-03 23:07:14,91.7,7.4,-2.75,HIGH RISK
2026-09-03 23:22:14,91.7,7.6,-0.24,HIGH RISK
2026-09-03 23:37:14,91.5,4.9,-0.71,HIGH RISK
2026-09-03 23:52:14,91.6,9.5,0.36,HIGH RISK
2026-09-04 00:07:14,91.6,1.9,-0.07,HIGH RISK
2026-09-04 00:22:14,91.2,1.1,-1.5,HIGH RISK
2026-09-04 00:37:14,91.3,2.5,0.29,HIGH RISK
2026-09-04 00:52:14,91.3,8.8,0.01,HIGH RISK
2026-09-04 01:07:14,91.3,7.9,0.01,HIGH RISK
2026-09-04 01:22:14,91.3,2.4,-0.05,HIGH RISK
2026-09-04 01:37:14,91.3,8.2,0.2,HIGH RISK
2026-09-04 01:52:14,91.3,9.8,0.17,HIGH RISK
2026-09-04 02:07:14,91.5,6.4,0.46,HIGH RISK
2026-09-04 02:22:14,91.2,4.9,-1.11,HIGH RISK
2026-09-04 02:37:14,90.9,4.3,-1.0,HIGH RISK
2026-09-04 02:52:14,90.8,2.3,-0.52,HIGH RISK
2026-09-04 03:07:14,90.6,1.8,-0.65,HIGH RISK
2026-09-04 03:22:14,90.6,0.0,-0.23,HIGH RISK
2026-09-04 03:37:14,90.3,5.0,-1.05,HIGH RISK
2026-09-04 03:52:14,90.4,7.6,0.35,HIGH RISK
2026-09-04 04:07:14,90.2,0.0,-1.01,HIGH RISK
2026-09-04 04:22:14,89.9,1.9,-1.15,HIGH RISK
2026-09-04 04:37:14,89.7,8.3,-0.56,HIGH RISK
2026-09-04 04:52:14,89.2,3.9,-2.0,HIGH RISK
2026-09-04 05:07:14,88.9,7.5,-1.39,HIGH RISK
2026-09-04 05:22:14,88.8,5.2,-0.18,HIGH RISK
2026-09-04 05:37:14,88.5,10.4,-1.45,HIGH RISK
2026-09-04 05:52:14,88.4,0.0,-0.25,HIGH RISK
2026-09-04 06:07:14,88.6,12.2,0.59,HIGH RISK
2026-09-04 06:22:14,88.4,5.8,-0.79,HIGH RISK
2026-09-04 06:37:14,88.1,8.2,-1.18,HIGH RISK
2026-09-04 06:52:14,88.1,6.9,0.0,HIGH RISK
2026-09-04 07:07:14,88.5,9.2,1.81,HIGH RISK
2026-09-04 07:22:14,88.3,6.6,-0.81,HIGH RISK
2026-09-04 07:37:14,87.9,4.9,-1.82,HIGH RISK
2026-09-04 07:52:14,87.7,2.2,-0.73,HIGH RISK
2026-09-04 08:07:14,87.6,2.9,-0.28,HIGH RISK
2026-09-04 08:22:14,87.7,1.7,0.5,HIGH RISK
2026-09-04 08:37:14,87.6,5.0,-0.41,HIGH RISK
2026-09-04 08:52:14,87.6,3.7,-0.28,HIGH RISK
2026-09-04 09:07:14,87.3,8.3,-1.09,HIGH RISK
2026-09-04 09:22:14,87.1,2.4,-0.64,HIGH RISK
2026-09-04 09:37:14,86.9,0.0,-1.06,HIGH RISK
2026-09-04 09:52:14,86.9,3.1,0.3,HIGH RISK
2026-09-04 10:07:14,86.9,6.1,-0.25,HIGH RISK
2026-09-04 10:22:14,86.8,8.4,-0.51,HIGH RISK
2026-09-04 10:37:14,86.6,6.6,-0.48,HIGH RISK
2026-09-04 10:52:14,86.4,6.1,-0.87,HIGH RISK
2026-09-04 11:07:14,86.3,0.0,-0.51,HIGH RISK
2026-09-04 11:22:14,86.4,10.7,0.34,HIGH RISK
2026-09-04 11:37:14,86.5,8.9,0.59,HIGH RISK
2026-09-04 11:52:14,86.5,5.4,-0.24,HIGH RISK
2026-09-04 12:07:14,86.3,2.5,-0.65,HIGH RISK
2026-09-04 12:22:14,86.4,7.5,0.56,HIGH RISK
2026-09-04 12:37:14,86.3,4.4,-0.76,HIGH RISK
2026-09-04 12:52:14,86.3,5.0,0.08,HIGH RISK
2026-09-04 13:07:14,85.7,0.0,-2.24,HIGH RISK
2026-09-04 13:22:14,85.4,2.8,-1.38,HIGH RISK
2026-09-04 13:37:14,85.2,3.0,-0.52,HIGH RISK
2026-09-04 13:52:14,85.4,3.2,0.76,HIGH RISK
2026-09-04 14:07:14,85.4,6.3,-0.16,HIGH RISK
2026-09-04 14:22:14,85.1,7.5,-1.31,HIGH RISK
2026-09-04 14:37:14,84.9,9.2,-0.46,WARNING
2026-09-04 14:52:14,84.6,7.7,-1.26,WARNING
2026-09-04 15:07:14,84.7,0.0,0.25,WARNING
2026-09-04 15:22:14,85.0,49.5,1.32,HIGH RISK
2026-09-04 15:37:14,86.0,34.6,3.75,HIGH RISK
2026-09-04 15:52:14,87.1,30.7,4.37,HIGH RISK
2026-09-04 16:07:14,87.8,34.2,3.17,HIGH RISK
2026-09-04 16:22:14,88.6,41.1,3.12,HIGH RISK
2026-09-04 16:37:14,89.2,38.5,2.2,HIGH RISK
2026-09-04 16:52:14,89.5,45.5,1.2,HIGH RISK
2026-09-04 17:07:14,89.9,53.9,1.78,HIGH RISK
2026-09-04 17:22:14,90.2,42.3,1.21,HIGH RISK
2026-09-04 17:37:14,90.8,15.0,2.17,HIGH RISK
2026-09-04 17:52:14,91.6,74.0,3.34,HIGH RISK
2026-09-04 18:07:14,92.1,44.8,2.08,HIGH RISK
2026-09-04 18:22:14,92.9,45.3,3.06,HIGH RISK
2026-09-04 18:37:14,93.8,30.8,3.74,HIGH RISK
2026-09-04 18:52:14,94.6,53.6,3.26,HIGH RISK
2026-09-04 19:07:14,95.2,50.3,2.42,CRITICAL
2026-09-04 19:22:14,96.0,53.1,3.11,CRITICAL
2026-09-04 19:37:14,96.5,40.8,1.71,CRITICAL
2026-09-04 19:52:14,97.5,46.2,4.26,CRITICAL
2026-09-04 20:07:14,97.7,30.1,0.64,CRITICAL
2026-09-04 20:22:14,98.3,47.0,2.46,CRITICAL
2026-09-04 20:37:14,99.0,47.1,2.69,CRITICAL
2026-09-04 20:52:14,99.5,42.3,4.19,CRITICAL
2026-09-04 21:07:14,99.5,25.8,1.41,CRITICAL
2026-09-04 21:22:14,99.5,43.8,0.43,CRITICAL
2026-09-04 21:37:14,99.5,42.9,4.39,CRITICAL
2026-09-04 21:52:14,99.5,45.3,2.68,CRITICAL
2026-09-04 22:07:14,99.5,29.9,1.66,CRITICAL
2026-09-04 22:22:14,99.5,40.5,2.02,CRITICAL
2026-09-04 22:37:14,99.5,60.4,3.07,CRITICAL
2026-09-04 22:52:14,99.5,31.7,2.7,CRITICAL
2026-09-04 23:07:14,99.5,51.0,3.77,CRITICAL
2026-09-04 23:22:14,99.5,64.0,1.18,CRITICAL
2026-09-04 23:37:14,99.5,35.3,0.89,CRITICAL
2026-09-04 23:52:14,99.5,42.2,2.96,CRITICAL
2026-09-05 00:07:14,99.5,56.8,2.31,CRITICAL
2026-09-05 00:22:14,99.5,41.2,2.58,CRITICAL
2026-09-05 00:37:14,99.5,35.0,4.91,CRITICAL
2026-09-05 00:52:14,99.5,25.7,2.62,CRITICAL
2026-09-05 01:07:14,99.5,69.3,2.41,CRITICAL
2026-09-05 01:22:14,99.5,42.7,1.97,CRITICAL
2026-09-05 01:37:14,99.5,42.8,4.05,CRITICAL
2026-09-05 01:52:14,99.5,18.5,4.24,CRITICAL
2026-09-05 02:07:14,99.5,27.9,2.08,CRITICAL
2026-09-05 02:22:14,99.5,39.8,3.11,CRITICAL
2026-09-05 02:37:14,99.5,25.8,2.95,CRITICAL
2026-09-05 02:52:14,99.5,69.3,0.76,CRITICAL
2026-09-05 03:07:14,99.5,47.3,1.61,CRITICAL
2026-09-05 03:22:14,99.5,50.1,2.42,CRITICAL
2026-09-05 03:37:14,99.5,37.3,2.99,CRITICAL
2026-09-05 03:52:14,99.5,66.7,2.17,CRITICAL
2026-09-05 04:07:14,99.5,53.6,0.85,CRITICAL
2026-09-05 04:22:14,99.5,33.5,2.97,CRITICAL
2026-09-05 04:37:14,99.5,62.8,2.83,CRITICAL
2026-09-05 04:52:14,99.5,41.2,2.4,CRITICAL
2026-09-05 05:07:14,99.5,30.0,3.13,CRITICAL
2026-09-05 05:22:14,99.5,55.6,1.86,CRITICAL
2026-09-05 05:37:14,99.5,39.4,2.72,CRITICAL
2026-09-05 05:52:14,99.5,39.8,2.32,CRITICAL
2026-09-05 06:07:14,99.5,70.2,2.1,CRITICAL
2026-09-05 06:22:14,99.5,40.7,1.62,CRITICAL
2026-09-05 06:37:14,99.5,53.9,2.18,CRITICAL
2026-09-05 06:52:14,99.5,37.2,3.99,CRITICAL
2026-09-05 07:07:14,99.5,62.0,1.68,CRITICAL
2026-09-05 07:22:14,99.5,22.6,3.61,CRITICAL
2026-09-05 07:37:14,99.5,36.8,3.35,CRITICAL
2026-09-05 07:52:14,99.5,21.4,3.47,CRITICAL
2026-09-05 08:07:14,99.5,30.5,3.28,CRITICAL
2026-09-05 08:22:14,99.5,45.2,1.26,CRITICAL
2026-09-05 08:37:14,99.5,40.1,3.22,CRITICAL
2026-09-05 08:52:14,99.5,92.1,8.37,CRITICAL
2026-09-05 09:07:14,99.5,129.5,4.07,CRITICAL
2026-09-05 09:22:14,99.5,122.3,7.41,CRITICAL
2026-09-05 09:37:14,99.5,72.0,4.54,CRITICAL
2026-09-05 09:52:14,99.5,86.2,9.04,CRITICAL
2026-09-05 10:07:14,99.5,87.4,10.22,CRITICAL
2026-09-05 10:22:14,99.5,61.0,7.18,CRITICAL
2026-09-05 10:37:14,99.5,65.0,7.93,CRITICAL
2026-09-05 10:52:14,99.5,107.7,6.36,CRITICAL
2026-09-05 11:07:14,99.5,50.0,7.6,CRITICAL
2026-09-05 11:22:14,99.5,98.7,8.01,CRITICAL
2026-09-05 11:37:14,99.5,114.7,5.06,CRITICAL
2026-09-05 11:52:14,99.5,103.6,9.59,CRITICAL
2026-09-05 12:07:14,99.5,54.4,7.84,CRITICAL
2026-09-05 12:22:14,99.5,79.9,7.04,CRITICAL
2026-09-05 12:37:14,99.5,97.0,6.23,CRITICAL
2026-09-05 12:52:14,99.5,76.5,7.27,CRITICAL
2026-09-05 13:07:14,99.5,68.3,5.03,CRITICAL
2026-09-05 13:22:14,99.5,103.6,4.9,CRITICAL
2026-09-05 13:37:14,99.5,103.3,8.13,CRITICAL
2026-09-05 13:52:14,99.5,55.5,5.84,CRITICAL
2026-09-05 14:07:14,99.5,113.9,5.24,CRITICAL
2026-09-05 14:22:14,99.5,80.7,8.12,CRITICAL
2026-09-05 14:37:14,99.5,105.7,6.7,CRITICAL
2026-09-05 14:52:14,99.5,78.0,10.04,CRITICAL
2026-09-05 15:07:14,99.5,124.8,9.16,CRITICAL
2026-09-05 15:22:14,99.5,91.7,5.58,CRITICAL
2026-09-05 15:37:14,99.5,73.4,8.25,CRITICAL
2026-09-05 15:52:14,99.5,98.4,10.0,CRITICAL
2026-09-05 16:07:14,99.5,103.0,4.19,CRITICAL
2026-09-05 16:22:14,99.5,111.0,5.2,CRITICAL
2026-09-05 16:37:14,99.5,82.3,7.7,CRITICAL
2026-09-05 16:52:14,99.5,129.9,13.42,CRITICAL
2026-09-05 17:07:14,99.5,102.1,6.83,CRITICAL
2026-09-05 17:22:14,99.5,100.7,8.98,CRITICAL
2026-09-05 17:37:14,99.5,83.6,10.79,CRITICAL
2026-09-05 17:52:14,99.5,94.6,8.2,CRITICAL
2026-09-05 18:07:14,99.5,103.3,8.04,CRITICAL
2026-09-05 18:22:14,99.5,106.8,5.97,CRITICAL
2026-09-05 18:37:14,99.5,78.8,5.0,CRITICAL
2026-09-05 18:52:14,99.5,98.8,8.76,CRITICAL
2026-09-05 19:07:14,99.5,99.2,10.55,CRITICAL
2026-09-05 19:22:14,99.5,89.9,8.54,CRITICAL
2026-09-05 19:37:14,99.5,68.2,6.43,CRITICAL
2026-09-05 19:52:14,99.5,103.9,8.9,CRITICAL
2026-09-05 20:07:14,99.5,84.1,7.06,CRITICAL
2026-09-05 20:22:14,99.5,59.6,6.49,CRITICAL
2026-09-05 20:37:14,99.5,107.8,8.35,CRITICAL
2026-09-05 20:52:14,99.5,100.0,7.3,CRITICAL
2026-09-05 21:07:14,99.5,90.1,5.88,CRITICAL
2026-09-05 21:22:14,99.5,147.5,14.15,CRITICAL
2026-09-05 21:37:14,99.5,142.3,11.12,CRITICAL
2026-09-05 21:52:14,99.5,80.0,16.31,CRITICAL
2026-09-05 22:07:14,99.5,118.0,10.04,CRITICAL
2026-09-05 22:22:14,99.5,147.3,11.55,CRITICAL
2026-09-05 22:37:14,99.5,156.5,14.77,CRITICAL
2026-09-05 22:52:14,99.5,147.1,8.43,CRITICAL
2026-09-05 23:07:14,99.5,160.3,13.64,CRITICAL
2026-09-05 23:22:14,99.5,120.8,13.26,CRITICAL
2026-09-05 23:37:14,99.5,85.6,14.11,CRITICAL
2026-09-05 23:52:14,99.5,104.3,8.47,CRITICAL
2026-09-06 00:07:14,99.5,91.9,16.36,CRITICAL
2026-09-06 00:22:14,99.5,114.3,17.71,CRITICAL
2026-09-06 00:37:14,99.5,116.6,7.34,CRITICAL
2026-09-06 00:52:14,99.5,102.1,16.75,CRITICAL
2026-09-06 01:07:14,99.5,126.1,11.05,CRITICAL
2026-09-06 01:22:14,99.5,134.0,14.41,CRITICAL
2026-09-06 01:37:14,99.5,157.9,17.44,CRITICAL
2026-09-06 01:52:14,99.5,121.0,8.56,CRITICAL
2026-09-06 02:07:14,99.5,119.7,13.63,CRITICAL
2026-09-06 02:22:14,99.5,105.9,9.74,CRITICAL
2026-09-06 02:37:14,99.5,138.6,12.64,CRITICAL
2026-09-06 02:52:14,99.5,130.8,10.37,CRITICAL
2026-09-06 03:07:14,99.5,124.2,9.84,CRITICAL
2026-09-06 03:22:14,99.5,152.3,16.11,CRITICAL
2026-09-06 03:37:14,99.5,83.8,9.83,CRITICAL
2026-09-06 03:52:14,99.5,92.6,10.72,CRITICAL
2026-09-06 04:07:14,99.5,127.9,8.16,CRITICAL
2026-09-06 04:22:14,99.5,107.0,9.59,CRITICAL
2026-09-06 04:37:14,99.5,135.2,13.02,CRITICAL
